성명,주민번호,주소,전화번호,이동동선(통신사)
김수민,660301-1126225,충청남도 화천군 잠실길 지하430,070-1819-6001,서초구→송파구 (KT)
최준서,550211-2133326,울산광역시 성동구 영동대407로 지하81,042-654-2351,노원구→강남구 (KT)
류은정,980923-1850800,울산광역시 강북구 가락25거리 719-88,011-310-3413,해운대구→노원구 (SKT)
강보람,911220-2948749,경기도 용인시 기흥구 강남대3거리 지하672,042-764-8350,유성구→수성구 (LGU+)
손재현,620125-2263032,전라남도 고양시 일산서구 서초대가 882 (성진김리),041-388-4969,서초구→성북구 (KT)
이은서,780826-1476417,울산광역시 동대문구 압구정482로 624-26 (준서김마을),051-801-8451,성북구→서초구 (KT)
최예지,600626-2182627,강원도 음성군 테헤란가 272 (현숙남권읍),054-430-3911,해운대구→서초구 (LGU+)
이정숙,731029-1793384,인천광역시 영등포구 압구정로 70,064-771-3315,해운대구→서초구 (KT)
고명자,661202-2391476,경상남도 원주시 봉은사로 434,018-738-2997,수성구→유성구 (KT)
문도윤,880209-1802729,제주특별자치도 삼척시 선릉길 지하474,017-106-5133,송파구→남동구 (LGU+)
유시우,980917-1584714,경상남도 고양시 일산동구 도산대6로 949 (우진한서마을),010-1080-1326,수성구→강남구 (LGU+)
박서연,651119-1961722,제주특별자치도 고성군 도산대로 610 (영숙김동),031-980-5009,남동구→서초구 (SKT)
최은경,561022-1694731,인천광역시 강북구 테헤란475로 637-73 (민재김면),032-699-8543,성북구→송파구 (SKT)
이도윤,670329-2246413,부산광역시 북구 강남대로 160-35 (수민오김면),052-278-4980,유성구→성북구 (SKT)
김하은,570516-2329974,경상남도 천안시 서북구 잠실1로 37-48,017-640-0524,강남구→송파구 (KT)
김미정,700703-1757924,충청남도 동두천시 선릉로 802,031-533-1586,서초구→성북구 (LGU+)
송채원,960217-2724834,전라남도 용인시 처인구 언주로 337-36 (현숙이마을),051-216-0733,강남구→송파구 (LGU+)
나영철,020907-2905934,전라남도 영동군 선릉816길 726 (건우유박읍),033-429-4019,유성구→송파구 (SKT)
김정남,710815-2103402,대구광역시 중랑구 오금29거리 854 (재호김마을),053-148-4656,서초구→수성구 (LGU+)
이영희,890328-1260263,부산광역시 서구 오금거리 151 (동현나마을),064-772-1489,노원구→강남구 (LGU+)
김영순,861125-2612340,충청남도 안산시 상록구 도산대317길 573 (하윤손강마을),043-676-3201,해운대구→강남구 (SKT)
백시우,621124-1694916,세종특별자치시 용산구 언주55로 237 (영자한김리),063-743-4873,노원구→송파구 (KT)
박도윤,970405-1791798,울산광역시 남구 잠실893가 447 (도윤이장리),055-909-6705,노원구→유성구 (SKT)
홍하은,041018-1665492,충청북도 성남시 수정구 개포37거리 285-97 (영철김김마을),010-0699-0162,수성구→노원구 (SKT)
곽상현,580413-2226882,충청북도 영월군 석촌호수길 786,017-003-3092,강남구→남동구 (SKT)
조진호,910602-1107540,충청남도 성남시 분당구 봉은사거리 지하825 (은정최동),042-419-0496,서초구→강남구 (KT)
이성호,800802-2174299,경상북도 안산시 상록구 백제고분776거리 851,053-067-1657,성북구→해운대구 (LGU+)
이예원,930120-1858490,충청남도 광주시 삼성94로 88 (예지박읍),011-965-0752,성북구→유성구 (KT)
윤예지,950322-1198907,제주특별자치도 고성군 선릉855가 258-30 (예지이마을),032-436-3495,유성구→성북구 (SKT)
한서연,920613-2864491,전라남도 안산시 상록구 압구정824로 300-90,051-989-4134,유성구→수성구 (KT)
윤지아,600106-1360735,세종특별자치시 성동구 개포가 645-88 (성진송면),02-9477-7520,송파구→성북구 (SKT)
김영호,760103-1392075,전라북도 보령시 백제고분로 271-85 (성현김동),016-938-6774,노원구→서초구 (SKT)
이정수,780930-1783823,경상북도 부천시 원미구 가락길 74,031-344-7134,해운대구→송파구 (KT)
안예준,961025-2609231,경상남도 안양시 선릉거리 지하257 (상철차마을),052-717-4648,송파구→성북구 (KT)
김지연,960903-1509386,경상남도 안양시 만안구 영동대55로 422-89 (우진노송마을),011-027-8742,유성구→노원구 (SKT)
김상훈,600910-1299122,세종특별자치시 관악구 도산대4길 902 (상훈우조읍),055-808-7603,노원구→강남구 (LGU+)
이경숙,750804-2159942,울산광역시 서구 서초중앙7길 944 (지아이리),044-171-2748,노원구→송파구 (LGU+)
안상훈,541129-1632496,대전광역시 금천구 반포대33가 45 (옥자한송리),070-4997-2787,서초구→남동구 (KT)
안은지,620716-2225710,경기도 옥천군 선릉길 801 (정웅한윤면),031-289-5171,서초구→성북구 (LGU+)
고영미,701206-2373432,강원도 태백시 가락로 711,019-780-9134,남동구→성북구 (KT)
김성진,570823-1804318,충청북도 안산시 상록구 백제고분가 935,054-562-3869,서초구→강남구 (SKT)
김은주,780321-2751332,광주광역시 관악구 강남대43가 243-49 (서영진이리),018-074-8217,해운대구→수성구 (LGU+)
최정수,921004-1465962,전라북도 청주시 서원구 가락로 808-57,031-974-3953,송파구→노원구 (SKT)
이민수,010304-2741390,대구광역시 강북구 양재천517로 881 (현정송이리),053-623-2858,노원구→남동구 (LGU+)
박영길,890204-1240814,대전광역시 동작구 가락로 665-53,018-496-5137,노원구→송파구 (LGU+)
김광수,050729-2395442,충청북도 강릉시 서초중앙가 707 (영수박김면),033-138-2675,남동구→노원구 (KT)
임영철,040826-2987204,경기도 성남시 수정구 언주9길 213,054-064-3171,강남구→서초구 (SKT)
송서현,940410-2908577,서울특별시 광진구 영동대길 17-23,016-042-2842,성북구→유성구 (KT)
김승현,600730-1217308,경기도 영동군 반포대007가 지하703,032-775-8917,강남구→유성구 (LGU+)
오시우,000823-1550664,울산광역시 동작구 반포대961로 441-58 (지후류리),053-921-2499,강남구→유성구 (SKT)
김승현,880913-1815198,대전광역시 동구 잠실로 576-43,054-271-1116,노원구→유성구 (SKT)
이채원,021012-1348237,충청북도 태안군 언주5거리 588-29,061-049-4519,강남구→해운대구 (SKT)
홍현지,960709-2920391,대전광역시 은평구 역삼길 72 (옥순우동),016-809-4024,송파구→서초구 (SKT)
김영자,720302-2140605,경기도 청주시 서원구 강남대가 622-57,054-459-9102,수성구→남동구 (SKT)
김영일,720520-1333752,경기도 파주시 양재천길 297-42 (건우신읍),033-497-8403,수성구→남동구 (SKT)
박상현,830411-1910891,대전광역시 영등포구 석촌호수64로 990,018-516-0607,노원구→수성구 (SKT)
송우진,970319-1220944,울산광역시 남구 삼성5길 지하523,054-161-3696,서초구→성북구 (KT)
박서연,940515-2863934,강원도 안산시 상록구 반포대979거리 451,054-231-2432,유성구→해운대구 (KT)
박성민,681015-2146542,대전광역시 서구 학동199가 568,031-581-4770,해운대구→유성구 (LGU+)
서경희,010221-2173372,강원도 가평군 서초대길 725-57 (미영강이면),011-359-7820,서초구→수성구 (LGU+)
황정수,570614-2799287,대구광역시 노원구 석촌호수길 991 (서준오김마을),017-515-1864,남동구→송파구 (LGU+)
안준서,881215-1540869,충청남도 가평군 논현2길 865,070-8168-5054,남동구→성북구 (LGU+)
박유진,920614-1418635,충청북도 안산시 단원구 반포대로 693-93,064-705-9296,수성구→노원구 (LGU+)
박서준,921215-2563638,경상남도 단양군 개포862길 894 (민석박이동),062-383-4735,송파구→서초구 (SKT)
박미정,590122-2640490,전라남도 수원시 팔달구 도산대85길 384 (도윤남면),042-478-2613,해운대구→수성구 (KT)
김수빈,970205-1945742,인천광역시 서구 잠실가 244 (상훈김윤마을),019-277-9010,해운대구→노원구 (KT)
김지후,850320-1577538,인천광역시 영등포구 역삼185로 520 (준혁박리),02-8932-4609,유성구→노원구 (LGU+)
김경자,941230-2355836,대구광역시 서구 서초중앙221가 207-6 (지우이면),054-319-5205,유성구→해운대구 (KT)
진유진,670913-1943170,울산광역시 북구 반포대52가 947 (은정서김마을),017-345-0541,노원구→해운대구 (KT)
김수진,600106-1578634,세종특별자치시 중구 백제고분40로 526-96 (하은김마을),053-447-9627,노원구→수성구 (LGU+)
이미정,661026-2742412,전라남도 양주시 학동285가 256-15 (옥순박리),017-556-9092,송파구→노원구 (SKT)
김지영,900908-2371782,충청북도 보은군 학동551거리 지하872 (예은남읍),043-947-3121,성북구→해운대구 (LGU+)
박미영,650111-2561239,제주특별자치도 부천시 오정구 학동거리 539-53 (정숙김우동),041-370-5895,남동구→유성구 (KT)
장성현,990723-2666390,전라북도 안산시 삼성길 917,010-9226-8018,유성구→송파구 (KT)
김병철,030722-1167348,충청북도 태안군 석촌호수0로 272,051-249-8182,성북구→유성구 (LGU+)
황영자,870516-1316881,강원도 청주시 청원구 역삼가 476 (정호김면),063-844-7364,유성구→노원구 (LGU+)
고현지,610613-1468845,세종특별자치시 성북구 봉은사로 885-79 (영철문김면),054-881-5371,노원구→해운대구 (SKT)
오서연,621128-2330080,제주특별자치도 홍천군 논현거리 289-64 (우진김김읍),064-777-4701,유성구→수성구 (KT)
서지연,730611-2859359,울산광역시 구로구 잠실99로 404-48,055-098-3584,노원구→강남구 (KT)
이현정,930414-2720644,전라남도 영월군 테헤란825거리 632-95,043-986-8000,유성구→송파구 (KT)
최예진,801010-2290556,전라북도 옥천군 백제고분가 592-30 (서윤김마을),063-947-0551,해운대구→노원구 (SKT)
이지은,670218-2453894,충청남도 원주시 도산대283거리 386 (하은박박마을),011-130-7562,서초구→노원구 (SKT)
황정웅,870804-1885408,인천광역시 도봉구 논현757거리 295 (서영정리),019-497-3348,서초구→강남구 (KT)
곽지원,690805-1359295,광주광역시 광진구 백제고분길 686-68 (순옥김리),052-157-4733,송파구→남동구 (LGU+)
박정수,611016-1596564,부산광역시 관악구 잠실로 904,010-2677-3454,남동구→유성구 (SKT)
심경희,970605-1735324,대전광역시 도봉구 가락872가 829-15,063-240-0499,남동구→서초구 (KT)
서재호,910607-1427110,부산광역시 서대문구 역삼길 959-32 (영호김면),02-5493-2966,해운대구→서초구 (SKT)
이정희,550514-1206851,제주특별자치도 제천시 봉은사459길 490-20 (옥자조이마을),017-530-1742,서초구→강남구 (LGU+)
권지원,961120-2658623,서울특별시 서구 석촌호수길 875-67,044-918-7851,노원구→수성구 (KT)
장정웅,790917-1990844,경기도 공주시 오금06거리 593 (동현이동),064-770-7286,유성구→수성구 (KT)
김하윤,050127-2841666,경상남도 수원시 장안구 학동825로 403-68 (예진김동),063-046-2265,노원구→남동구 (LGU+)
구예은,910616-2587455,인천광역시 북구 도산대가 212-9 (서현박동),061-863-3752,해운대구→서초구 (SKT)
김시우,820423-2572700,인천광역시 도봉구 오금길 282-8 (수진이리),031-284-3959,유성구→수성구 (LGU+)
이재호,740322-1618317,제주특별자치도 영월군 언주거리 937,064-756-6246,수성구→남동구 (KT)
이승현,811023-2393243,인천광역시 중구 개포990로 742,055-343-5175,강남구→남동구 (LGU+)
김서영,010115-1353080,경상북도 구리시 양재천78거리 369-66,052-033-1739,성북구→노원구 (LGU+)
박지원,910817-2931450,경기도 시흥시 양재천3거리 584,053-355-6093,유성구→해운대구 (KT)
박은지,890916-2796212,충청북도 천안시 동남구 서초대로 783-1 (성민강김읍),051-777-2522,노원구→수성구 (LGU+)
박성호,860417-2882169,경기도 수원시 권선구 잠실08가 941 (미영김마을),018-977-0088,성북구→남동구 (LGU+)
송수민,750109-2363615,부산광역시 서대문구 개포700길 866,054-679-3341,서초구→해운대구 (SKT)
권명숙,791212-2380310,전라북도 증평군 테헤란5가 707-27 (민지이윤면),062-788-1161,서초구→유성구 (SKT)
권민준,921208-2581294,충청남도 속초시 도산대가 642,064-772-8660,해운대구→남동구 (LGU+)
이성민,011020-2817269,대전광역시 동작구 석촌호수224길 620 (경자김이읍),042-870-5622,강남구→송파구 (KT)
지건우,900722-2497687,강원도 양양군 삼성0가 69,054-835-0344,노원구→성북구 (SKT)
문은경,700517-1767678,전라북도 공주시 학동길 287-23 (서연김박리),053-999-4973,송파구→서초구 (KT)
안현준,590610-2986392,충청북도 안산시 압구정10길 436-86,063-548-1386,수성구→서초구 (SKT)
이영수,700906-1340927,부산광역시 북구 역삼거리 574 (명숙안임마을),061-520-5756,성북구→남동구 (KT)
최현준,020910-1177959,전라남도 안산시 상록구 논현가 200 (서윤이면),051-809-4047,남동구→강남구 (LGU+)
지정식,681006-1991737,서울특별시 남구 백제고분772가 40-48,02-9222-1610,강남구→남동구 (SKT)
오성수,980714-1888795,인천광역시 관악구 삼성거리 지하928 (미숙노이동),032-382-4127,유성구→서초구 (LGU+)
조정수,750827-2270341,광주광역시 강북구 봉은사79로 91,033-121-2590,해운대구→성북구 (LGU+)
안서윤,731118-2502491,인천광역시 도봉구 테헤란거리 지하389,019-424-2956,송파구→서초구 (LGU+)
김중수,631025-2156304,광주광역시 강남구 강남대7거리 358 (정순임김마을),055-289-3654,유성구→해운대구 (KT)
한영일,970207-1457137,부산광역시 구로구 강남대길 33 (미숙강리),041-795-5969,유성구→수성구 (LGU+)
이미숙,730131-1764926,대구광역시 마포구 삼성12거리 479-70,042-079-7996,성북구→노원구 (SKT)
박서현,910903-1473095,세종특별자치시 서초구 양재천3로 793-35 (서현김김면),016-839-2250,유성구→성북구 (LGU+)
이지연,950829-1812711,경상북도 안산시 압구정232거리 190-31 (진우오읍),018-850-7251,유성구→서초구 (LGU+)
임정식,010503-2936821,경상남도 제천시 봉은사가 782 (준호이면),018-696-8157,서초구→송파구 (KT)
주경자,991212-2261712,충청남도 양주시 삼성099가 142,063-303-4615,송파구→성북구 (SKT)
김민재,700825-2478221,경기도 시흥시 역삼6로 355-88 (아름이동),042-529-8670,서초구→강남구 (KT)
성승민,940213-2566339,울산광역시 강북구 백제고분가 800 (예은홍우동),042-686-1205,남동구→서초구 (SKT)
오선영,810115-1191537,경상북도 성남시 수정구 양재천1가 52-77 (영철이이동),010-4245-6075,유성구→노원구 (KT)
김민석,920209-2208310,충청남도 안산시 상록구 잠실로 649-64 (지원이박마을),044-897-0155,서초구→유성구 (KT)
강정웅,960320-1725920,울산광역시 구로구 삼성거리 23,042-416-1394,수성구→성북구 (LGU+)
강유진,950406-1406024,대전광역시 영등포구 논현42거리 지하688,031-962-4406,유성구→서초구 (SKT)
황재호,681017-1699743,전라남도 안양시 동안구 언주로 66-79 (예진강박리),017-958-6780,송파구→성북구 (LGU+)
이준영,620710-1245584,충청남도 양양군 오금가 34 (숙자최면),032-385-4457,남동구→수성구 (SKT)
김은정,630414-2253023,울산광역시 마포구 양재천가 944-69 (준서하동),033-633-1942,송파구→성북구 (KT)
황현지,040914-2541557,전라남도 괴산군 선릉거리 646-14 (명자박김리),063-747-2264,성북구→서초구 (SKT)
류정훈,880331-2363926,울산광역시 영등포구 선릉30길 635,064-719-9605,성북구→해운대구 (KT)
김은정,890907-2212168,서울특별시 송파구 잠실327거리 484 (정식이동),043-977-3973,남동구→강남구 (KT)
우예진,600613-2448354,대구광역시 성북구 학동0가 883 (민재이김마을),033-980-7704,유성구→수성구 (LGU+)
류지민,561025-2450996,제주특별자치도 서천군 선릉1길 772 (예지이면),041-373-4151,송파구→수성구 (SKT)
오정훈,930522-2732512,광주광역시 강남구 삼성49거리 780-18 (미영김면),011-544-2947,해운대구→노원구 (LGU+)
장민지,951106-2286266,충청북도 당진시 개포30길 152,011-045-8867,수성구→남동구 (SKT)
김순자,620924-2703853,대전광역시 서대문구 가락8가 919-49 (영미김읍),052-332-4913,수성구→성북구 (KT)
박지훈,010101-2956156,충청남도 포천시 개포로 69,051-888-1079,수성구→서초구 (SKT)
김지우,640206-1720995,충청남도 청주시 청원구 역삼9거리 94-96,043-128-4033,송파구→강남구 (LGU+)
권영수,591017-2842776,대전광역시 동구 논현가 86,063-318-9397,성북구→남동구 (KT)
김시우,001208-1958747,충청남도 논산시 압구정69거리 337-65 (미숙하이마을),044-548-8471,성북구→송파구 (SKT)
노예지,710123-2353777,경상남도 동두천시 학동가 948-57 (순옥박김동),044-348-4587,송파구→성북구 (SKT)
이우진,831126-2177558,전라남도 동두천시 개포길 679,042-587-9643,성북구→유성구 (SKT)
박지혜,700407-2670053,전라북도 연천군 삼성46가 781-52,031-652-7403,수성구→서초구 (KT)
오성민,731030-1906306,울산광역시 동구 삼성833가 77 (성현오마을),063-067-3499,수성구→송파구 (KT)
김재현,681110-1690579,세종특별자치시 도봉구 서초중앙길 794 (정숙양최마을),043-817-3598,유성구→수성구 (LGU+)
이옥자,690823-2211090,대구광역시 강동구 삼성거리 189-42,062-375-5344,서초구→수성구 (KT)
남민서,870715-1635482,경상북도 정선군 서초대로 17 (혜진성양면),010-7495-1191,노원구→해운대구 (LGU+)
황옥자,950706-2492292,세종특별자치시 동작구 학동가 지하477,062-251-2957,성북구→송파구 (SKT)
한지은,761031-2125755,울산광역시 영등포구 압구정600길 155,051-395-8739,서초구→수성구 (SKT)
손정희,840314-2190025,충청북도 고양시 덕양구 역삼0로 357-9,053-533-3426,송파구→유성구 (KT)
김하은,940304-2459731,대구광역시 북구 봉은사07길 458,062-633-6911,해운대구→노원구 (SKT)
박은경,810214-2599292,충청남도 부천시 소사구 백제고분56길 819-65,054-748-1700,성북구→노원구 (KT)
이진호,591120-2170437,광주광역시 서구 선릉거리 667 (지연김차면),031-232-9028,강남구→송파구 (SKT)
한정훈,571125-1990429,전라북도 양주시 역삼22길 901,033-207-3465,서초구→해운대구 (SKT)
이숙자,940923-1641058,서울특별시 북구 도산대260가 174-21 (경수배동),061-117-7687,노원구→송파구 (KT)
조재현,700831-2687044,전라북도 부천시 오정구 오금591가 201 (영수김읍),044-116-4913,성북구→해운대구 (SKT)
김재호,710717-2760351,제주특별자치도 인제군 테헤란65길 766-50 (은정구동),041-032-6509,송파구→성북구 (KT)
고병철,990216-2130610,경상남도 고양시 일산동구 백제고분87로 947 (정웅손김리),010-7158-4156,해운대구→노원구 (LGU+)
차미정,660513-2507723,강원도 부천시 소사구 테헤란47가 990-65 (준호노마을),043-230-3589,해운대구→남동구 (KT)
최옥자,570306-2888870,인천광역시 강남구 영동대길 651 (정희권읍),010-9634-0646,서초구→송파구 (LGU+)
우하윤,780825-1483561,전라북도 파주시 강남대거리 지하946,070-9910-6227,해운대구→노원구 (SKT)
권지원,030412-1375097,경상북도 동두천시 개포335로 144,055-192-3724,성북구→수성구 (LGU+)
김미영,700826-2741003,세종특별자치시 성북구 양재천8가 902-97,070-5406-4176,서초구→유성구 (SKT)
양정순,950420-2986589,인천광역시 구로구 학동거리 857-90 (지훈윤문면),070-4485-6451,송파구→수성구 (SKT)
오영식,840827-1804758,경상북도 청주시 상당구 봉은사789가 892,018-609-1919,수성구→서초구 (KT)
주상호,840514-1420214,경상북도 보은군 영동대가 885 (춘자송리),018-039-2051,송파구→유성구 (KT)
이경수,780125-1635638,대전광역시 서구 영동대4가 지하333 (영희윤황읍),043-885-6527,유성구→송파구 (SKT)
이은정,920707-2543588,전라남도 용인시 처인구 학동가 655-24,055-347-5575,성북구→송파구 (KT)
성숙자,600619-1613426,광주광역시 강동구 개포로 93 (지민김이면),055-261-4991,송파구→해운대구 (SKT)
김준영,670428-2982885,전라북도 수원시 팔달구 언주333가 13,052-309-7768,강남구→유성구 (SKT)
최영순,980109-1608149,경상북도 진천군 영동대65거리 554 (민준한이읍),010-9218-7851,해운대구→성북구 (KT)
조정희,910518-2529008,경상남도 군포시 반포대가 지하606,061-120-8780,성북구→유성구 (LGU+)
박정자,580113-2612438,부산광역시 송파구 석촌호수09가 406 (영미이면),053-398-6289,서초구→강남구 (KT)
김우진,910206-1406278,부산광역시 강동구 백제고분로 748-21 (영철조읍),042-071-5116,남동구→해운대구 (KT)
하영숙,750727-2276379,충청북도 가평군 봉은사거리 725 (지영박김리),043-351-5718,성북구→서초구 (SKT)
양도윤,830313-1380901,부산광역시 동대문구 서초대로 394-40 (은정최면),032-239-7283,수성구→강남구 (LGU+)
김정순,620902-2672892,대구광역시 북구 역삼270로 827 (춘자김장마을),064-721-7392,유성구→서초구 (KT)
허현숙,020221-1412170,경상남도 부천시 원미구 삼성길 246-63 (은정김동),063-918-1589,성북구→남동구 (KT)
박영숙,820824-2956401,전라북도 용인시 수지구 반포대길 414-56,055-170-7158,성북구→서초구 (KT)
이영식,941120-1320073,서울특별시 구로구 논현로 지하914 (순옥서마을),02-0463-5806,수성구→성북구 (LGU+)
박보람,730910-1746081,인천광역시 성동구 역삼5로 212,011-900-6314,해운대구→남동구 (KT)
김준서,970306-1697766,경상북도 과천시 개포2길 637-86,051-694-3460,노원구→남동구 (SKT)
이서준,000926-1439375,전라북도 계룡시 가락가 지하713 (서준한김동),033-271-2852,남동구→수성구 (LGU+)
김정순,020330-2999695,전라북도 양양군 양재천411가 569 (시우박김리),033-130-6211,서초구→해운대구 (LGU+)
강시우,620123-2162165,인천광역시 강동구 삼성로 972,041-542-5730,송파구→해운대구 (SKT)
김성민,580110-1253347,충청남도 연천군 압구정13거리 147-71,053-011-6880,수성구→해운대구 (LGU+)
김현숙,730902-2613234,강원도 청주시 흥덕구 압구정가 60-50,011-130-9810,남동구→성북구 (KT)
백현숙,870901-2573947,울산광역시 양천구 오금가 652-59 (지혜김박면),044-242-6425,서초구→성북구 (KT)
이수진,561213-2828449,제주특별자치도 과천시 테헤란536가 752 (진호이이면),018-628-3333,성북구→노원구 (SKT)
하지민,941009-2710224,세종특별자치시 금천구 영동대436길 지하112 (재호전황마을),061-033-5826,서초구→노원구 (KT)
이현정,551231-2991401,경상북도 보령시 강남대길 801,043-265-7327,노원구→유성구 (KT)
남우진,920413-1550513,부산광역시 동구 학동로 340-12,053-532-3415,성북구→남동구 (KT)
이하윤,770723-2968581,대구광역시 도봉구 봉은사222가 933-80 (성현최박면),019-312-7102,수성구→송파구 (SKT)
박예은,931127-2926596,세종특별자치시 영등포구 반포대로 353 (현지손김읍),016-462-1354,강남구→서초구 (SKT)
하미경,850711-1756596,경기도 부여군 역삼43거리 502 (지은김김면),051-765-0471,강남구→송파구 (SKT)
김준호,020113-1562721,서울특별시 도봉구 논현66로 지하714,055-558-6652,강남구→성북구 (SKT)
오유진,790917-1822040,부산광역시 양천구 오금거리 24 (은주김동),042-512-9311,남동구→송파구 (KT)
김준서,990228-2197874,대구광역시 영등포구 가락19로 205,070-1211-0633,수성구→남동구 (LGU+)
김성수,811011-1489906,충청남도 제천시 백제고분274로 520 (민준우면),041-893-1132,송파구→강남구 (LGU+)
권서윤,741128-2755993,울산광역시 구로구 논현45길 671 (우진김김리),054-096-1701,해운대구→성북구 (SKT)
황지훈,900520-1837880,광주광역시 송파구 반포대75가 321-70,070-3392-0567,강남구→남동구 (KT)
이지우,021227-2181724,경상남도 횡성군 테헤란6가 808 (준영문김면),02-6229-2310,해운대구→노원구 (KT)
김성진,551120-1108454,충청북도 용인시 언주7가 971-21 (현정김차동),053-794-2387,수성구→서초구 (LGU+)
이경숙,700628-2827744,전라남도 서천군 오금691길 350-93,054-259-7107,성북구→서초구 (KT)
김진우,891119-1501677,세종특별자치시 동구 잠실95길 801 (예원강읍),063-970-5816,서초구→송파구 (KT)
강미경,791027-2485416,부산광역시 양천구 논현25로 229 (정식류리),010-2457-5983,송파구→성북구 (SKT)
윤현주,850404-1772741,광주광역시 송파구 논현거리 434,019-044-3240,송파구→서초구 (LGU+)
윤승현,730731-1739966,경상남도 서천군 잠실9가 960-36,062-439-7429,송파구→노원구 (LGU+)
곽민석,990114-2857524,전라남도 평택시 개포065가 지하335 (순옥이마을),031-802-7112,송파구→성북구 (KT)
박진우,661007-2327797,대전광역시 노원구 선릉거리 411 (미영윤리),019-281-3721,서초구→해운대구 (KT)
문서윤,570830-1718213,서울특별시 관악구 서초중앙로 777,044-228-5566,유성구→수성구 (LGU+)
권영식,881207-2429780,제주특별자치도 화성시 논현로 597 (건우한최면),064-726-3280,해운대구→수성구 (KT)
신수빈,830225-1360221,충청북도 고양시 삼성5거리 667 (현우박주마을),055-321-0613,남동구→강남구 (LGU+)
최정호,970405-2315425,전라북도 포천시 도산대394길 318-2,043-253-7657,노원구→해운대구 (LGU+)
조민지,791110-2409898,인천광역시 용산구 압구정로 지하878 (하윤남면),062-692-1053,강남구→남동구 (LGU+)
우지아,731017-2504630,울산광역시 관악구 양재천로 146 (현준남나읍),033-072-0113,해운대구→노원구 (KT)
손정수,680916-1653948,세종특별자치시 용산구 논현로 31-5,063-676-2090,수성구→유성구 (KT)
성채원,901227-1505629,충청남도 군포시 오금거리 707 (은지지김마을),061-873-0451,유성구→수성구 (LGU+)
박예은,630221-1899776,대구광역시 노원구 선릉9가 356-99 (성수장손마을),061-561-9425,서초구→강남구 (SKT)
윤예원,820413-1114463,경기도 가평군 백제고분거리 872-74,041-361-6188,해운대구→강남구 (SKT)
김건우,020610-1927630,충청남도 청주시 흥덕구 서초중앙5거리 536-85,055-395-6137,노원구→남동구 (SKT)
한정훈,910423-2544150,세종특별자치시 광진구 양재천길 846-27,010-1300-0413,유성구→서초구 (LGU+)
황도윤,670915-1390946,울산광역시 은평구 압구정945가 312,061-997-9907,남동구→서초구 (KT)
박순자,671029-1947312,경상북도 괴산군 선릉거리 390 (현숙권동),063-481-1317,노원구→수성구 (KT)
이예준,780918-2714923,광주광역시 금천구 논현610길 958-65 (민재김이마을),055-804-9187,서초구→수성구 (LGU+)
박준혁,561023-2865416,울산광역시 성동구 학동길 256-1 (은경송백리),031-423-5973,강남구→남동구 (KT)
송현정,600913-1555589,충청북도 부천시 오정구 반포대가 22,019-858-1670,성북구→강남구 (KT)
최승현,580208-2798435,대전광역시 강서구 서초대2로 89 (영미박마을),054-847-1296,송파구→서초구 (LGU+)
김상철,700205-1842287,경기도 양주시 서초대로 682 (서윤김양읍),053-373-3777,강남구→해운대구 (KT)
김영철,861005-2463546,대구광역시 서초구 서초대길 526,032-923-6534,노원구→남동구 (LGU+)
권광수,710216-1489933,경기도 안성시 개포93길 911 (순자권김마을),064-747-1690,남동구→서초구 (KT)
최정식,940530-1451284,대전광역시 강북구 강남대54거리 524,063-698-9992,남동구→서초구 (SKT)
김영식,720330-2846925,광주광역시 관악구 강남대98길 929-31,011-354-3586,서초구→노원구 (LGU+)
최정남,640521-2635593,전라북도 안성시 잠실537길 654,044-395-2753,강남구→노원구 (SKT)
오진우,780312-1485548,대구광역시 강북구 강남대로 403 (민재송면),063-789-4896,남동구→서초구 (KT)
김승현,041106-1339499,세종특별자치시 마포구 삼성2길 779,031-014-1884,노원구→강남구 (LGU+)
김정호,760514-1112884,서울특별시 종로구 삼성거리 247-30,044-999-4853,강남구→노원구 (KT)
최성수,651229-2501583,충청남도 천안시 동남구 역삼로 829-63 (상철홍읍),044-792-2341,송파구→강남구 (KT)
장시우,980908-2335421,경상남도 고양시 일산동구 봉은사로 454 (옥순이마을),055-084-3768,해운대구→성북구 (SKT)
김영일,740725-2384434,충청남도 양주시 학동가 213 (정수이읍),019-436-9709,수성구→서초구 (KT)
한영길,950803-1288056,전라남도 포천시 압구정67가 262-45 (영환백면),063-223-9898,노원구→강남구 (KT)
홍현지,730517-2172274,강원도 제천시 학동로 538-33,062-242-6423,남동구→수성구 (SKT)
김도윤,990331-2190581,대구광역시 도봉구 선릉3로 730-10,032-142-8178,성북구→강남구 (LGU+)
오민서,020428-2310418,경기도 용인시 수지구 강남대로 917-8,055-220-7223,남동구→해운대구 (SKT)
전은경,690109-2486162,경상남도 안산시 상록구 언주길 69,055-204-7876,성북구→해운대구 (LGU+)
서춘자,780731-1257880,울산광역시 강동구 서초대28가 212-10 (정자김배리),055-450-5730,유성구→강남구 (KT)
황정훈,770923-1667851,전라북도 여주시 테헤란로 259-63,055-775-3726,강남구→유성구 (SKT)
김민서,870604-1895794,광주광역시 은평구 영동대가 80,016-458-8707,유성구→남동구 (LGU+)
이성수,800816-1315161,부산광역시 광진구 도산대8길 25,062-659-7595,해운대구→성북구 (LGU+)
김영일,610125-2162804,경상남도 태백시 오금로 339 (예진윤김읍),032-964-6300,남동구→서초구 (KT)
곽병철,831025-1342716,충청북도 동해시 논현1길 745-62 (영수허읍),018-711-7595,유성구→수성구 (LGU+)
곽선영,830409-2884229,대전광역시 구로구 오금거리 지하797 (영식김리),051-584-7609,서초구→해운대구 (KT)
문동현,620430-2178465,충청남도 남양주시 테헤란8거리 430,011-541-3297,강남구→성북구 (LGU+)
장지영,020105-1348273,울산광역시 서대문구 테헤란70거리 316-31,063-769-3663,남동구→유성구 (SKT)
강민준,621125-2834764,울산광역시 남구 봉은사로 154 (명숙김주읍),031-072-0245,수성구→유성구 (LGU+)
허정자,881001-2385166,서울특별시 동대문구 삼성0로 842-25,042-671-4949,서초구→남동구 (KT)
김은영,611107-1917823,전라북도 동두천시 서초중앙길 403-44 (영희송면),064-744-6634,서초구→해운대구 (LGU+)
김예원,900824-1272359,부산광역시 중구 테헤란로 153,070-1455-9376,성북구→수성구 (SKT)
남정남,890113-2226601,인천광역시 북구 가락5길 354 (동현홍면),055-277-6572,수성구→해운대구 (LGU+)
신정자,880511-2423284,경기도 안산시 선릉7거리 906,041-389-7432,남동구→서초구 (SKT)
황재현,910123-1265271,대전광역시 종로구 서초중앙길 341-88 (미정손지마을),016-360-7984,남동구→강남구 (LGU+)
권경희,710929-1976530,강원도 영월군 반포대935길 308 (은지장마을),051-640-8303,송파구→서초구 (SKT)
박영숙,760917-1473023,광주광역시 금천구 압구정490가 547,018-841-3685,노원구→강남구 (SKT)
윤건우,760907-2372804,인천광역시 강서구 봉은사길 지하174 (영숙이백읍),070-2514-4881,강남구→성북구 (KT)
김민석,020729-2682959,강원도 단양군 역삼7거리 지하513,010-7817-9415,노원구→해운대구 (LGU+)
이영숙,640608-1584487,서울특별시 동작구 학동길 165 (경자유면),02-5661-8632,송파구→서초구 (KT)
윤종수,921130-1164664,인천광역시 서구 잠실65거리 38-58,043-095-0556,송파구→남동구 (KT)
김숙자,780602-2490321,강원도 계룡시 석촌호수길 567,010-5190-5348,서초구→수성구 (LGU+)
이지혜,570731-1122859,대구광역시 강남구 개포4거리 지하77 (민준이이동),02-4521-2899,해운대구→노원구 (KT)
이미숙,680403-1196446,대전광역시 북구 역삼길 238 (예준홍마을),010-1898-4841,서초구→강남구 (SKT)
권경희,010823-2153097,강원도 태안군 강남대021로 110-62 (경숙이마을),033-429-8315,유성구→성북구 (KT)
윤영호,981225-2130914,세종특별자치시 중랑구 역삼길 698,064-749-3783,유성구→송파구 (SKT)
김정남,640806-2325146,대전광역시 광진구 석촌호수94거리 724 (영철조김동),055-934-2929,남동구→수성구 (KT)
장민수,561030-2255851,경기도 영동군 오금가 지하989,043-419-0310,해운대구→수성구 (KT)
이영길,620412-2532005,대전광역시 노원구 개포847길 399-46,043-377-4604,성북구→강남구 (LGU+)
박도윤,000213-1393366,세종특별자치시 구로구 논현14길 182,061-078-1975,송파구→성북구 (SKT)
김상철,981102-1773870,경상북도 군포시 서초중앙길 18-31 (준영민최읍),033-458-4148,해운대구→강남구 (LGU+)
신경자,830915-2919898,인천광역시 북구 강남대8길 4,041-058-6950,수성구→노원구 (LGU+)
김정호,910719-2460745,전라북도 충주시 석촌호수6거리 484 (지우이면),054-738-5736,노원구→수성구 (LGU+)
김명자,830809-2383572,충청남도 원주시 논현가 757,032-187-2333,강남구→유성구 (KT)
김건우,840928-1130726,광주광역시 관악구 논현5길 825-33,016-830-7482,강남구→노원구 (SKT)
한경숙,970922-2904092,경상북도 연천군 학동길 1,061-557-8201,해운대구→송파구 (LGU+)
최정숙,640807-1359896,충청남도 증평군 역삼길 136,052-707-3920,해운대구→수성구 (LGU+)
백상철,861007-1901164,울산광역시 광진구 역삼가 176 (도현김홍리),033-123-1261,유성구→수성구 (KT)
한민준,910307-1284654,세종특별자치시 동대문구 반포대가 286-41 (수민유안동),043-646-8719,수성구→유성구 (KT)
한지후,660701-1837623,세종특별자치시 서대문구 도산대길 819,041-308-9813,수성구→송파구 (LGU+)
김옥자,590721-1977340,대전광역시 금천구 역삼로 871 (성민안동),064-729-7168,노원구→남동구 (SKT)
권영길,890712-1614259,서울특별시 중구 압구정로 331-22 (민준김동),062-850-9025,서초구→강남구 (KT)
장주원,800626-1730889,광주광역시 강북구 학동길 553-62 (명숙백김읍),052-890-5670,강남구→노원구 (KT)
박경희,570410-1447848,인천광역시 서대문구 가락15거리 415 (서연김김면),064-735-5054,해운대구→송파구 (LGU+)
안영미,561201-2851763,세종특별자치시 중구 논현6가 791,016-822-1040,수성구→강남구 (KT)
문선영,810927-1254887,광주광역시 관악구 가락8가 529-25,055-381-6432,송파구→서초구 (LGU+)
김영순,890509-2176054,제주특별자치도 아산시 선릉20길 378,070-8631-4417,유성구→서초구 (SKT)
류수빈,041115-2416423,충청북도 광주시 양재천2가 지하739 (정호장이동),018-176-4644,송파구→해운대구 (SKT)
성옥자,010706-2930307,인천광역시 송파구 영동대길 532,042-452-7905,성북구→수성구 (LGU+)
임도윤,980414-1841535,충청남도 고양시 일산동구 영동대길 602-41,019-163-2111,수성구→해운대구 (LGU+)
박예은,990804-1496764,서울특별시 동작구 언주로 222,041-653-0601,남동구→송파구 (SKT)
허은영,800713-1864234,울산광역시 성동구 서초대88로 214 (혜진김동),053-618-2980,유성구→강남구 (KT)
이영수,900817-1731650,광주광역시 서구 선릉로 지하402 (수민이손동),052-911-8941,해운대구→서초구 (SKT)
김영숙,790216-2247475,대구광역시 강동구 논현2길 518,041-137-4556,서초구→남동구 (SKT)
김광수,921029-2435039,대구광역시 구로구 도산대05길 439 (현숙서박동),033-260-0308,서초구→유성구 (KT)
이영숙,851005-2111949,울산광역시 광진구 학동31길 920-44,054-068-8269,해운대구→남동구 (SKT)
강영식,930912-1467506,충청남도 고성군 양재천013거리 813-68,062-354-3788,서초구→강남구 (SKT)
김상호,731114-1504684,서울특별시 성동구 반포대090거리 725-9,052-492-0749,유성구→송파구 (SKT)
이은서,831229-2617033,경상북도 태안군 잠실997로 149-69 (서윤윤최읍),053-914-0849,수성구→성북구 (SKT)
우서연,630918-1969067,강원도 안산시 단원구 양재천길 578,010-0690-8726,해운대구→송파구 (SKT)
박영자,000402-2177289,충청북도 진천군 양재천길 226 (영숙조이읍),064-728-0405,남동구→강남구 (KT)
손미영,620117-2373812,전라남도 수원시 팔달구 개포거리 445 (상철최최면),061-130-8761,서초구→유성구 (KT)
임민서,640626-1493696,대전광역시 강동구 강남대길 555 (영진안면),064-740-0273,서초구→송파구 (KT)
장영일,850527-2722886,강원도 성남시 중원구 개포길 685 (은지이동),031-168-0941,성북구→강남구 (LGU+)
조준호,710304-2785386,경상북도 안산시 상록구 석촌호수가 52 (영수이김리),062-794-6207,유성구→송파구 (KT)
서지연,751011-1206176,충청북도 양평군 잠실로 945-50,031-299-1406,해운대구→남동구 (SKT)
장수민,040407-2831063,충청남도 홍천군 학동길 733,042-356-1781,노원구→남동구 (LGU+)
김현준,010126-2411847,부산광역시 동작구 압구정가 지하225,061-385-2778,서초구→강남구 (KT)
이미영,651129-2699544,광주광역시 도봉구 석촌호수2거리 885-51,052-801-6440,성북구→송파구 (LGU+)
김상훈,591218-1478356,제주특별자치도 부천시 반포대가 938-24 (경수김동),063-982-1348,유성구→서초구 (KT)
이은경,720217-2963918,경상남도 과천시 언주318길 419 (정웅최리),070-0798-6617,성북구→해운대구 (LGU+)
김준호,800207-1126985,제주특별자치도 평택시 영동대로 148-11 (성훈강면),018-216-5058,송파구→수성구 (KT)
심정순,750608-1596574,강원도 인제군 학동길 408,062-908-9843,남동구→성북구 (KT)
강성민,820831-2612855,대구광역시 광진구 삼성로 679-70,061-948-4249,남동구→서초구 (LGU+)
서영일,861120-2293862,광주광역시 은평구 가락870가 946,042-386-7673,유성구→수성구 (SKT)
우서연,020530-1567429,전라북도 수원시 장안구 백제고분로 626 (준영김강리),064-772-2589,남동구→노원구 (KT)
지광수,870804-2376195,서울특별시 서대문구 오금길 713-35 (영미문리),055-957-9001,남동구→강남구 (KT)
배민준,921107-1888775,광주광역시 강북구 서초대가 404 (성민류마을),052-232-8946,서초구→송파구 (LGU+)
김현정,820821-2947438,대전광역시 서대문구 강남대로 546,053-725-6292,유성구→해운대구 (LGU+)
최준호,660212-1981639,부산광역시 성북구 잠실가 27 (미숙곽하마을),053-095-7443,노원구→유성구 (SKT)
이우진,990719-2700534,부산광역시 강서구 역삼3거리 276,031-153-6415,성북구→남동구 (KT)
김준영,650205-1513982,충청북도 포천시 선릉가 244-55,062-500-9421,강남구→해운대구 (LGU+)
황도현,940517-1893969,경상남도 의정부시 석촌호수가 620,070-2704-5238,송파구→해운대구 (SKT)
고순자,630131-1947732,전라남도 공주시 선릉5가 453-36,052-227-5854,송파구→강남구 (KT)
이은서,031222-2182175,광주광역시 동대문구 양재천로 지하832 (현지김남동),031-024-5393,유성구→해운대구 (LGU+)
김재현,961124-1974625,대전광역시 남구 학동0거리 35,064-736-8214,남동구→유성구 (LGU+)
고영진,740426-1191254,충청북도 철원군 선릉가 659 (성진김이마을),070-2543-1832,노원구→유성구 (SKT)
송미숙,610808-2998235,대구광역시 중랑구 가락로 61,055-018-3647,노원구→성북구 (SKT)
오영길,560107-1924758,경상남도 춘천시 오금가 922,054-775-4584,노원구→유성구 (LGU+)
이준호,021031-1534574,대구광역시 동작구 서초대가 247-94 (준혁최읍),019-717-2173,송파구→서초구 (KT)
안정웅,011230-1690016,경기도 용인시 수지구 역삼길 932,016-362-1659,남동구→유성구 (KT)
이영철,620213-2376967,전라남도 예산군 언주835거리 126,063-773-2643,성북구→노원구 (SKT)
최선영,670924-1280564,강원도 안산시 단원구 백제고분702길 166-8 (영진배박마을),063-137-5298,유성구→송파구 (SKT)
박미정,560319-2140666,대구광역시 동구 개포083길 272,010-7978-8897,수성구→해운대구 (SKT)
김정호,900925-1881975,대전광역시 동대문구 가락가 207 (예준이리),017-199-5171,남동구→유성구 (SKT)
문진호,990403-1454278,서울특별시 강동구 가락길 680,02-1437-4830,남동구→수성구 (SKT)
김경숙,751223-2999924,강원도 고양시 덕양구 학동126로 119-27 (상훈임리),061-720-1911,서초구→남동구 (LGU+)
이민수,631231-1415076,서울특별시 양천구 삼성가 948-80,070-3049-3665,성북구→수성구 (LGU+)
김병철,871218-2864201,부산광역시 광진구 역삼1거리 700 (수진김이동),011-522-9462,서초구→남동구 (SKT)
류병철,971221-2321659,울산광역시 서구 가락로 611 (서준한박동),033-371-2436,성북구→수성구 (SKT)
최유진,740715-1640299,충청남도 수원시 팔달구 학동202가 127-47,016-273-8740,서초구→수성구 (KT)
강시우,910731-2242239,울산광역시 마포구 선릉길 881-37,064-715-5420,강남구→해운대구 (LGU+)
오서준,670708-1973390,서울특별시 동작구 개포97거리 638-9,054-795-5462,강남구→남동구 (KT)
김지현,611005-1578621,세종특별자치시 마포구 봉은사로 788-16 (도현김리),010-3176-4172,수성구→해운대구 (KT)
김건우,591001-2486244,세종특별자치시 성동구 석촌호수로 722 (경숙김동),061-713-0735,노원구→유성구 (SKT)
김준호,730313-1814263,세종특별자치시 도봉구 개포길 26 (서연김마을),064-757-6694,해운대구→유성구 (KT)
김영호,711021-2722899,경상북도 동두천시 강남대66길 600-9,064-732-7000,송파구→노원구 (SKT)
이영자,700815-2460971,서울특별시 강동구 봉은사로 498-86 (서준김김면),011-388-1949,남동구→서초구 (KT)
김현준,580219-2128783,경기도 오산시 석촌호수거리 952,055-987-3137,강남구→해운대구 (SKT)
임지원,740411-1998746,부산광역시 마포구 봉은사3가 497-62 (영철류권리),042-389-9499,해운대구→남동구 (KT)
지영희,550713-2783238,대구광역시 북구 오금0길 528 (정숙박김동),061-020-4181,노원구→강남구 (SKT)
임정훈,831207-1597126,충청북도 부천시 원미구 반포대로 641 (채원박송동),010-6448-2217,송파구→강남구 (KT)
양옥순,920523-1364650,경상남도 화천군 반포대8길 266,010-0675-7123,남동구→수성구 (LGU+)
김예준,590613-2494763,대구광역시 구로구 오금429가 155,062-697-0409,성북구→남동구 (SKT)
오상훈,950204-1589368,강원도 광주시 도산대83길 691-89 (정웅이동),062-962-4096,노원구→유성구 (SKT)
이은영,740509-1107704,전라북도 금산군 압구정78거리 455,02-2851-6225,수성구→남동구 (LGU+)
김은정,681025-2817659,경기도 화천군 강남대가 234,016-062-4672,성북구→서초구 (KT)
권영희,840223-2389913,경기도 부여군 학동거리 850-15 (종수권마을),017-236-1337,수성구→남동구 (LGU+)
손순자,041024-2787991,광주광역시 노원구 개포거리 369-36,052-724-1916,남동구→해운대구 (LGU+)
김병철,690712-1642421,울산광역시 서대문구 서초중앙가 130,019-498-9808,강남구→성북구 (KT)
백경숙,750321-2813824,강원도 군포시 반포대거리 869-14,044-592-6648,강남구→노원구 (KT)
장우진,010615-2372028,제주특별자치도 속초시 서초대94로 603 (현주송김동),016-292-0753,유성구→성북구 (SKT)
이정자,720911-1711344,세종특별자치시 용산구 오금039가 지하432,053-362-1894,해운대구→유성구 (LGU+)
조성훈,550305-1819656,광주광역시 동구 양재천거리 301,055-648-9667,성북구→수성구 (LGU+)
이시우,630113-2986486,대전광역시 마포구 서초중앙58로 802-40 (현숙김박마을),02-6235-4662,노원구→송파구 (KT)
김영자,900706-2202344,부산광역시 서대문구 백제고분530로 877,042-122-4276,송파구→수성구 (SKT)
박은지,700816-1812730,전라남도 금산군 개포로 182,051-115-8488,서초구→남동구 (SKT)
지경숙,001127-2334176,부산광역시 강서구 서초중앙782길 지하178,011-957-0472,남동구→성북구 (LGU+)
이수민,630225-2489737,강원도 평택시 역삼로 258 (예진손면),044-659-6807,남동구→노원구 (SKT)
우은주,730729-1593393,대구광역시 도봉구 봉은사길 900-33 (은정구이동),018-644-5475,서초구→노원구 (KT)
문지현,580910-1624788,충청남도 이천시 양재천979로 923-51,043-342-7203,유성구→남동구 (KT)
최영미,630609-2156688,세종특별자치시 은평구 가락로 803,055-304-5306,송파구→남동구 (KT)
안서윤,910618-2529068,전라북도 부여군 삼성길 37,019-181-6778,성북구→송파구 (LGU+)
배준혁,720524-2850432,전라북도 오산시 오금44가 216,010-5179-9378,서초구→노원구 (KT)
윤재호,010317-2761685,인천광역시 관악구 테헤란가 677 (지연서송마을),011-698-8290,수성구→강남구 (KT)
민영수,900821-1574012,강원도 의왕시 오금4가 830-12 (예원김김읍),010-3972-8339,해운대구→송파구 (SKT)
김미영,870925-1613358,경기도 여주시 석촌호수길 888-66 (예은최읍),042-210-1023,송파구→성북구 (KT)
김도윤,810528-2522988,경상북도 수원시 장안구 도산대로 688 (예은김최면),043-561-4038,성북구→유성구 (SKT)
이상호,021123-1139557,세종특별자치시 강북구 잠실235거리 324,018-100-3076,해운대구→유성구 (LGU+)
김지은,690103-1437864,울산광역시 양천구 삼성로 444 (지훈김김리),054-411-3407,해운대구→강남구 (LGU+)
김은영,011028-1757128,세종특별자치시 중구 영동대길 562-26 (보람이오마을),016-626-9708,해운대구→남동구 (LGU+)
이영호,000725-2427252,세종특별자치시 구로구 백제고분5로 440,042-571-9760,서초구→성북구 (KT)
김경자,590321-2275133,전라남도 홍천군 개포로 지하81 (윤서나마을),054-217-5585,강남구→수성구 (KT)
김예지,690811-2578073,대구광역시 강서구 개포211길 624-92,011-626-4222,노원구→수성구 (LGU+)
박옥순,580730-2820141,광주광역시 송파구 강남대1거리 498,031-568-2092,수성구→노원구 (KT)
문영식,541014-2886553,서울특별시 용산구 언주564로 217,041-472-8289,송파구→성북구 (KT)
오주원,550115-1339513,세종특별자치시 구로구 역삼거리 93,041-616-8507,송파구→남동구 (KT)
안진우,870701-1718337,부산광역시 성동구 압구정271로 438,032-053-7092,송파구→서초구 (LGU+)
김도윤,760920-2845652,서울특별시 종로구 강남대189거리 716 (영식윤안마을),062-698-9365,강남구→성북구 (LGU+)
김진호,931105-2908713,강원도 부여군 서초중앙길 85-28 (도현이읍),054-896-3217,강남구→서초구 (LGU+)
김춘자,950208-1785315,세종특별자치시 강북구 삼성길 62 (지아구이리),062-398-3448,강남구→송파구 (KT)
최현주,701230-2565897,경상북도 서천군 개포8로 55-58,062-406-5795,서초구→수성구 (SKT)
이승민,650415-2835962,경기도 계룡시 잠실거리 44-64,017-409-1311,해운대구→강남구 (KT)
박예진,740725-2541315,대구광역시 노원구 반포대602길 735-80,054-354-1201,서초구→수성구 (LGU+)
김하윤,941024-1539170,서울특별시 종로구 선릉로 114 (영길오김면),017-947-9507,노원구→서초구 (KT)
곽영식,931018-2219550,충청북도 횡성군 영동대거리 지하936,044-100-6493,성북구→해운대구 (KT)
황경숙,891221-1915749,서울특별시 강북구 테헤란3가 지하519,016-411-8491,노원구→해운대구 (SKT)
진순옥,860302-2837606,제주특별자치도 광주시 언주95길 398,032-006-7990,남동구→송파구 (SKT)
이영자,010525-1674765,부산광역시 금천구 반포대40길 274,019-233-9449,해운대구→노원구 (SKT)
민채원,551030-2345896,경상남도 홍천군 역삼50길 849-2 (명숙민면),051-262-4178,강남구→송파구 (KT)
최재현,880708-1975804,충청남도 고양시 일산서구 삼성1로 41-83,061-053-0886,성북구→송파구 (LGU+)
김민서,001029-1917392,울산광역시 서대문구 언주9로 981,062-598-8759,서초구→송파구 (LGU+)
김은서,850120-2775636,전라북도 안산시 도산대3가 906-89 (현준이읍),032-477-0920,성북구→남동구 (KT)
김지원,970919-2586830,제주특별자치도 파주시 논현가 663-78,070-2158-1897,서초구→해운대구 (KT)
임윤서,761125-1993647,울산광역시 중랑구 삼성819거리 707-61,042-168-8005,수성구→유성구 (SKT)
박지연,900613-2874415,강원도 천안시 서북구 백제고분8가 283,053-401-8227,서초구→강남구 (KT)
김영철,860224-1993385,충청남도 광명시 도산대거리 286-63,051-328-1165,송파구→유성구 (KT)
오정자,890209-2558976,대구광역시 중구 도산대거리 873,041-277-5213,남동구→서초구 (LGU+)
김지후,930704-2954551,울산광역시 노원구 선릉거리 3,018-059-3777,송파구→서초구 (SKT)
배동현,820308-2519692,강원도 청주시 흥덕구 가락길 지하92,061-174-6902,남동구→성북구 (SKT)
곽서윤,021206-2938754,광주광역시 성북구 학동662길 지하84,043-167-0805,송파구→서초구 (SKT)
손현우,760131-1829987,경상남도 괴산군 개포길 87 (종수김최면),052-076-6349,강남구→해운대구 (LGU+)
오윤서,720425-1536236,울산광역시 동대문구 논현2가 904 (병철주면),043-625-8542,성북구→노원구 (LGU+)
박영일,991225-1741018,세종특별자치시 동작구 백제고분가 742-40,019-199-6433,수성구→강남구 (SKT)
송춘자,910706-1606545,세종특별자치시 동대문구 오금5길 267 (하윤김읍),032-158-7605,서초구→성북구 (SKT)
이채원,940624-2148205,전라북도 철원군 반포대94거리 991-31 (주원박고리),055-986-1634,남동구→유성구 (KT)
김서준,551129-1838793,대전광역시 서구 서초대5길 147,053-596-6472,노원구→해운대구 (LGU+)
유건우,990227-2644315,대구광역시 성북구 석촌호수4길 956-37 (혜진곽마을),011-332-6145,서초구→성북구 (LGU+)
김지원,771115-1605339,충청남도 태안군 언주0로 508-68 (지혜김김면),070-8718-4523,유성구→송파구 (SKT)
주서준,000628-1112210,제주특별자치도 홍천군 강남대701가 891 (영자이면),070-2377-7296,송파구→노원구 (LGU+)
이병철,780826-2273438,광주광역시 중구 가락거리 955,010-1055-8000,성북구→수성구 (KT)
박정순,911226-1446968,광주광역시 동대문구 반포대316로 233-74,019-136-8172,강남구→남동구 (SKT)
김서연,860711-2522866,대구광역시 구로구 역삼092가 지하353 (예지주면),018-332-2273,서초구→노원구 (KT)
김옥순,851014-2940183,광주광역시 은평구 언주32길 90-65,054-076-1087,성북구→서초구 (LGU+)
김예준,941219-2568784,대구광역시 서구 개포로 504,033-261-5838,서초구→노원구 (SKT)
강보람,590509-1207629,경상북도 제천시 잠실67길 772 (서준김주읍),019-222-8019,유성구→강남구 (SKT)
엄성현,050416-1966028,충청북도 안산시 상록구 개포6길 381-84,031-637-3118,남동구→해운대구 (KT)
이주원,681105-2457411,경기도 정선군 언주418거리 910,018-136-2608,강남구→남동구 (SKT)
장서윤,970107-2448098,전라남도 의정부시 삼성거리 371 (영철김김동),054-164-1195,성북구→수성구 (LGU+)
이영호,881223-2219562,충청남도 논산시 반포대752로 831 (광수김읍),018-019-7121,해운대구→강남구 (KT)
김상철,670317-2472390,경상북도 횡성군 개포9가 169-55 (지원김안읍),041-760-7598,남동구→유성구 (LGU+)
박유진,721002-1148001,전라북도 고양시 백제고분로 317,043-089-5231,성북구→송파구 (KT)
김영환,720924-2212157,대전광역시 강서구 강남대97거리 729,031-026-8764,해운대구→남동구 (SKT)
장시우,750325-1993590,경상남도 용인시 처인구 선릉길 지하912 (지훈진김면),031-063-5537,해운대구→노원구 (SKT)
최성훈,680903-1851606,충청북도 횡성군 학동9거리 지하583 (영수김한마을),062-025-5128,서초구→성북구 (SKT)
이상철,700124-1764000,대전광역시 동작구 서초대895가 424,018-634-5443,서초구→노원구 (LGU+)
김도현,000706-2790441,울산광역시 영등포구 백제고분길 593-58,052-394-6408,노원구→송파구 (LGU+)
홍정자,630709-2104548,경기도 논산시 서초대29가 686,010-8941-3210,강남구→성북구 (LGU+)
권영희,571126-2633025,강원도 평창군 서초중앙거리 357-25,052-655-7922,송파구→해운대구 (KT)
김성민,830907-1506224,울산광역시 용산구 백제고분길 843-4 (지원양동),041-137-5658,수성구→성북구 (LGU+)
이순옥,711227-2738576,경기도 공주시 학동931거리 306 (영호이리),044-113-8850,해운대구→수성구 (LGU+)
이보람,970119-2459513,충청북도 수원시 영통구 논현거리 188,051-631-0437,성북구→송파구 (SKT)
이지아,890313-1532794,제주특별자치도 수원시 팔달구 잠실거리 882 (준영최김동),017-774-1743,노원구→남동구 (LGU+)
이지현,571005-2846454,제주특별자치도 포천시 역삼길 967,051-665-2752,노원구→해운대구 (LGU+)
김현준,860802-1319899,경기도 광명시 테헤란거리 111-28,043-030-3346,남동구→유성구 (LGU+)
김정수,881219-1844904,경상남도 포천시 반포대가 625 (옥자이배동),042-453-0123,송파구→유성구 (LGU+)
최선영,790826-1897730,경기도 고양시 일산동구 테헤란2거리 970,011-017-2224,노원구→성북구 (SKT)
이시우,990805-2806995,전라북도 태안군 봉은사75거리 638 (채원김면),017-838-7272,노원구→남동구 (LGU+)
문도윤,620918-2947568,대전광역시 서대문구 잠실48길 256,017-379-1212,노원구→서초구 (KT)
구민석,780218-1499371,인천광역시 강남구 잠실90로 884-63,052-039-2519,강남구→서초구 (KT)
강정자,631114-1379947,부산광역시 강서구 역삼길 969-50 (영철최김동),054-422-1626,남동구→수성구 (KT)
임선영,990813-1980155,충청남도 안성시 잠실길 302 (진호배김마을),064-778-9950,남동구→해운대구 (KT)
김민준,980826-1476105,제주특별자치도 청주시 흥덕구 학동537가 407 (숙자김하마을),070-5634-2777,서초구→남동구 (SKT)
김지훈,830917-2349136,울산광역시 용산구 영동대129길 587,070-2294-1156,남동구→강남구 (LGU+)
김성수,930530-2506380,충청남도 태백시 반포대길 847 (영미곽김리),032-549-8085,수성구→강남구 (SKT)
김동현,880303-1879794,서울특별시 강북구 역삼로 871,041-121-5481,해운대구→노원구 (SKT)
박채원,820701-1764575,경상북도 용인시 봉은사로 269 (준혁민읍),018-006-2987,수성구→해운대구 (LGU+)
박상호,701012-1408467,울산광역시 관악구 양재천41가 304-85 (상호김리),041-213-2041,송파구→서초구 (SKT)
김상훈,651105-1282237,광주광역시 송파구 서초대117가 603,016-994-9812,노원구→서초구 (LGU+)
김지민,551018-2142608,경상북도 동해시 압구정200로 766-21,010-5386-3105,남동구→수성구 (SKT)
이보람,670329-1268746,제주특별자치도 제천시 영동대길 676-73,016-007-6862,남동구→강남구 (LGU+)
권현숙,980712-2588983,제주특별자치도 고양시 덕양구 오금3가 518,053-186-2671,송파구→강남구 (LGU+)
최현우,600428-1438302,인천광역시 광진구 논현길 102-87,010-8352-7918,강남구→수성구 (LGU+)
오정훈,021009-2928278,울산광역시 북구 서초중앙10가 172,02-8814-3192,노원구→수성구 (LGU+)
박승민,780410-1922116,대전광역시 영등포구 석촌호수384거리 753-87,02-2665-6862,수성구→해운대구 (LGU+)
이지은,611102-1645895,충청남도 용인시 처인구 삼성거리 280 (숙자김박면),041-990-7472,노원구→송파구 (KT)
이은서,050818-2669460,세종특별자치시 영등포구 서초중앙8로 469,052-748-5994,유성구→서초구 (LGU+)
김영일,950921-2331942,부산광역시 마포구 언주78거리 751 (혜진이마을),010-0445-0928,수성구→유성구 (KT)
양순옥,630701-2407835,대구광역시 서대문구 반포대로 297,010-9008-2484,노원구→성북구 (KT)
김상현,830225-1220294,경기도 연천군 양재천883가 567,054-630-2750,수성구→노원구 (LGU+)
김정수,910706-1773462,강원도 논산시 가락0거리 100 (윤서김이마을),018-467-9087,해운대구→강남구 (LGU+)
백은지,811108-2499898,경상북도 홍성군 압구정로 382,019-103-4444,유성구→남동구 (KT)
최광수,790618-2125905,울산광역시 금천구 영동대4로 807-17 (정식이마을),061-725-6222,수성구→노원구 (LGU+)
김상호,020422-2145981,세종특별자치시 동구 강남대가 923 (재호이안면),016-396-5213,해운대구→유성구 (SKT)
이예지,581215-1200617,전라북도 연천군 논현2로 지하759,044-622-1173,노원구→강남구 (KT)
윤은주,780530-1321020,경상북도 단양군 잠실839거리 730-87,053-852-2942,해운대구→성북구 (LGU+)
이정희,700922-1315565,강원도 화천군 서초중앙91가 345 (미정윤면),052-914-7744,유성구→서초구 (LGU+)
권재현,721220-1124906,전라북도 속초시 봉은사15거리 205-34,052-930-5378,수성구→강남구 (SKT)
김미정,651120-1176806,부산광역시 강남구 언주길 526-61,064-782-8152,송파구→수성구 (KT)
박건우,961220-1702891,충청북도 용인시 기흥구 삼성길 709-40 (정식장남읍),063-801-8915,남동구→성북구 (KT)
박성민,990213-2573039,강원도 증평군 반포대629가 318 (영길이마을),016-946-6450,유성구→성북구 (LGU+)
최지우,891211-2117711,서울특별시 금천구 서초중앙9로 853,018-521-1896,서초구→강남구 (SKT)
이수빈,871217-1892682,전라북도 증평군 백제고분979거리 575 (정숙손이마을),054-828-1902,강남구→송파구 (LGU+)
박영환,920126-2627262,대구광역시 도봉구 가락가 15-43,011-844-5143,남동구→수성구 (KT)
권민재,050710-1395192,부산광역시 동대문구 가락로 515,053-681-1939,유성구→성북구 (SKT)
박유진,681023-1597012,서울특별시 북구 백제고분길 480 (주원김리),061-933-5158,노원구→해운대구 (KT)
김정희,031020-1883028,대전광역시 중랑구 오금가 125-74,044-910-3829,노원구→남동구 (SKT)
이은지,701108-1412534,인천광역시 송파구 도산대085로 44,052-502-4373,수성구→강남구 (LGU+)
백진우,950501-1229221,충청남도 수원시 장안구 테헤란13거리 411 (영길김마을),031-058-5615,강남구→성북구 (KT)
이정숙,590302-1419491,울산광역시 서구 언주792거리 104 (재현이장동),018-283-7727,수성구→해운대구 (KT)
김예준,050813-2777308,경상북도 파주시 언주28로 263-9 (민준손강리),053-358-4640,송파구→해운대구 (LGU+)
차경희,881130-1331512,대구광역시 강서구 압구정거리 430,043-628-1444,남동구→해운대구 (LGU+)
박영환,841221-1290167,경기도 아산시 석촌호수6가 지하267,019-909-2288,강남구→노원구 (LGU+)
이은영,771214-1404771,대전광역시 강동구 봉은사358가 127 (영환김윤리),010-8116-4034,서초구→수성구 (LGU+)